N;Municipio;CD_GEOCMU;x;y;CodIBGE;Município;Populacao;Analfabetismo;TerFundamental;TerMedio;FunMedio;IFSC;IFC;CAMPUS
0;ABDON BATISTA;4200051;-51,0563;-27,58408;4200051;Abdon Batista;2653;10,54;93;29;122;;;NA
1;ABELARDO LUZ;4200101;-52,25594;-26,56231;4200101;Abelardo Luz;17100;11,76;392;149;541;;1;IFC
2;AGROLÂNDIA;4200200;-49,82441;-27,45469;4200200;Agrolândia;9328;6,51;206;100;306;;;NA
3;AGRONÔMICA;4200309;-49,72042;-27,32716;4200309;Agronômica;4901;6,55;90;60;150;;;NA
4;ÁGUA DOCE;4200408;-51,6123;-26,76454;4200408;Água Doce;6960;8,79;171;88;259;;;NA
5;ÁGUAS DE CHAPECÓ;4200507;-52,95671;-27,05441;4200507;Águas de Chapecó;6109;6,82;132;50;182;;;NA
6;ÁGUAS FRIAS;4200556;-52,85271;-26,85187;4200556;Águas Frias;2424;8,11;66;30;96;;;NA
7;ÁGUAS MORNAS;4200606;-48,93639;-27,73309;4200606;Águas Mornas;5546;6,74;125;63;188;;;NA
8;ALFREDO WAGNER;4200705;-49,33135;-27,70568;4200705;Alfredo Wagner;9410;10,52;192;83;275;;;NA
9;ALTO BELA VISTA;4200754;-51,9258;-27,42141;4200754;Alto Bela Vista;2005;4,59;18;25;43;;;NA
10;ANCHIETA;4200804;-53,33231;-26,53256;4200804;Anchieta;6378;7,64;161;80;241;;;NA
11;ANGELINA;4200903;-49,06729;-27,54297;4200903;Angelina;5250;10,93;108;53;161;;;NA
12;ANITA GARIBALDI;4201000;-51,07966;-27,7306;4201000;Anita Garibaldi;8627;12,95;235;104;339;;;NA
13;ANITÁPOLIS;4201109;-49,13958;-27,87996;4201109;Anitápolis;3214;10,73;93;29;122;;;NA
14;ANTÔNIO CARLOS;4201208;-48,83162;-27,49735;4201208;Antônio Carlos;7455;4,75;177;151;328;;;NA
15;APIÚNA;4201257;-49,36427;-27,12369;4201257;Apiúna;9605;6,85;232;94;326;;;NA
16;ARABUTÃ;4201273;-52,18124;-27,14089;4201273;Arabutã;4193;4,46;63;60;123;;;NA
17;ARAQUARI;4201307;-48,75818;-26,46193;4201307;Araquari;24814;7,98;591;383;974;;1;IFC
18;ARARANGUÁ;4201406;-49,47139;-28,94207;4201406;Araranguá;61339;5,61;1257;793;2050;1;;IFSC
19;ARMAZÉM;4201505;-49,01512;-28,23768;4201505;Armazém;7730;6,87;91;71;162;;;NA
20;ARROIO TRINTA;4201604;-51,33678;-26,92117;4201604;Arroio Trinta;3500;5,54;61;58;119;;;NA
21;ARVOREDO;4201653;-52,44223;-27,07096;4201653;Arvoredo;2256;10,1;50;28;78;;;NA
22;ASCURRA;4201703;-49,39563;-26,97336;4201703;Ascurra;7419;5,18;150;102;252;;;NA
23;ATALANTA;4201802;-49,74211;-27,43716;4201802;Atalanta;3300;4,8;72;37;109;;;NA
24;AURORA;4201901;-49,59009;-27,32933;4201901;Aurora;5552;6,05;126;78;204;;;NA
25;BALNEÁRIO ARROIO DO SILVA;4201950;-49,47479;-29,01916;4201950;Balneário Arroio do Silva;9590;6,33;190;63;253;;;NA
26;BALNEÁRIO BARRA DO SUL;4202057;-48,65359;-26,44623;4202057;Balneário Barra do Sul;8423;4,89;204;82;286;;;NA
27;BALNEÁRIO CAMBORIÚ;4202008;-48,62143;-27,00453;4202008;Balneário Camboriú;108107;2,68;1513;1178;2691;;;NA
28;BALNEÁRIO GAIVOTA;4202073;-49,61536;-29,15308;4202073;Balneário Gaivota;8244;7,49;129;67;196;;;NA
29;BALNEÁRIO PIÇARRAS;4212809;-48,73308;-26,75928;4212809;Balneário Piçarras;17074;6,33;354;210;564;;;NA
30;BALNEÁRIO RINCÃO;4220000;-49,25425;-28,82679;4220000;Balneário Rincão;;;;;0;;;NA
31;BANDEIRANTE;4202081;-53,64799;-26,76846;4202081;Bandeirante;2906;8,74;57;25;82;;;NA
32;BARRA BONITA;4202099;-53,42457;-26,66782;4202099;Barra Bonita;1878;13,37;29;29;58;;;NA
33;BARRA VELHA;4202107;-48,72695;-26,66205;4202107;Barra Velha;22403;5,81;460;218;678;;;NA
34;BELA VISTA DO TOLDO;4202131;-50,48776;-26,41811;4202131;Bela Vista do Toldo;6004;5,96;127;110;237;;;NA
35;BELMONTE;4202156;-53,61787;-26,85654;4202156;Belmonte;2635;9,81;65;36;101;;;NA
36;BENEDITO NOVO;4202206;-49,43529;-26,80063;4202206;Benedito Novo;10331;5,16;193;85;278;;;NA
37;BIGUAÇU;4202305;-48,69437;-27,43341;4202305;Biguaçu;58238;5,74;1302;538;1840;;;NA
38;BLUMENAU;4202404;-49,09703;-26,88501;4202404;Blumenau;309214;3,08;5343;2982;8325;;;NA
39;BOCAINA DO SUL;4202438;-49,90944;-27,763;4202438;Bocaina do Sul;3290;11,47;35;44;79;;;NA
40;BOM JARDIM DA SERRA;4202503;-49,65269;-28,36097;4202503;Bom Jardim da Serra;4400;10,33;128;39;167;;;NA
41;BOM JESUS;4202537;-52,39075;-26,7399;4202537;Bom Jesus;2526;10,26;74;25;99;;;NA
42;BOM JESUS DO OESTE;4202578;-53,0952;-26,68338;4202578;Bom Jesus do Oeste;2132;9,06;31;29;60;;;NA
43;BOM RETIRO;4202602;-49,56348;-27,78506;4202602;Bom Retiro;8942;11,18;219;75;294;;;NA
44;BOMBINHAS;4202453;-48,52117;-27,17274;4202453;Bombinhas;14312;4,74;305;153;458;;1;IFC
45;BOTUVERÁ;4202701;-49,1236;-27,21841;4202701;Botuverá;4468;6,15;68;56;124;;;NA
46;BRAÇO DO NORTE;4202800;-49,14283;-28,24091;4202800;Braço do Norte;29018;4,37;637;350;987;;;NA
47;BRAÇO DO TROMBUDO;4202859;-49,90328;-27,36839;4202859;Braço do Trombudo;3457;4,27;52;44;96;;;NA
48;BRUNÓPOLIS;4202875;-50,84525;-27,3467;4202875;Brunópolis;2852;13,66;43;36;79;;;NA
49;BRUSQUE;4202909;-48,90971;-27,1247;4202909;Brusque;105495;4;1776;1187;2963;;;NA
50;CAÇADOR;4203006;-51,08546;-26,76255;4203006;Caçador;70735;7,2;1571;700;2271;1;;IFSC
51;CAIBI;4203105;-53,26317;-27,02429;4203105;Caibi;6218;8,64;150;74;224;;1;IFC
52;CALMON;4203154;-51,00715;-26,62142;4203154;Calmon;3380;11,21;138;34;172;;;NA
53;CAMBORIÚ;4203204;-48,70885;-27,07087;4203204;Camboriú;62289;5,78;1102;770;1872;;;NA
54;CAMPO ALEGRE;4203303;-49,21718;-26,12029;4203303;Campo Alegre;11748;5,45;253;128;381;;1;IFC
55;CAMPO BELO DO SUL;4203402;-50,77168;-27,84682;4203402;Campo Belo do Sul;7486;14,61;199;75;274;;;NA
56;CAMPO ERÊ;4203501;-53,13004;-26,45029;4203501;Campo Erê;9370;13,65;179;157;336;;;NA
57;CAMPOS NOVOS;4203600;-51,24483;-27,41311;4203600;Campos Novos;32829;7,39;605;278;883;;;NA
58;CANELINHA;4203709;-48,80257;-27,23461;4203709;Canelinha;10603;9,37;227;127;354;;;NA
59;CANOINHAS;4203808;-50,53343;-26,2483;4203808;Canoinhas;52775;5,8;1078;853;1931;1;;IFSC
60;CAPÃO ALTO;4203253;-50,60645;-28,06239;4203253;Capão Alto;2753;10,11;56;18;74;;;NA
61;CAPINZAL;4203907;-51,63101;-27,41202;4203907;Capinzal;20771;6,35;439;274;713;;;NA
62;CAPIVARI DE BAIXO;4203956;-48,94353;-28,45542;4203956;Capivari de Baixo;21689;5,94;359;176;535;;;NA
63;CATANDUVAS;4204004;-51,69681;-27,04554;4204004;Catanduvas;9558;7,04;223;93;316;;;NA
64;CAXAMBU DO SUL;4204103;-52,92013;-27,14655;4204103;Caxambú do Sul;4406;11,27;86;52;138;;;NA
65;CELSO RAMOS;4204152;-51,30793;-27,65206;4204152;Celso Ramos;2773;8,51;45;51;96;;;NA
66;CERRO NEGRO;4204178;-50,9325;-27,77566;4204178;Cerro Negro;3585;17,07;129;46;175;;;NA
67;CHAPADÃO DO LAGEADO;4204194;-49,55635;-27,58242;4204194;Chapadão do Lageado;2764;8,76;77;32;109;;;NA
68;CHAPECÓ;4204202;-52,65028;-27,12492;4204202;Chapecó;183561;5,51;3338;1897;5235;1;;IFSC
69;COCAL DO SUL;4204251;-49,33401;-28,59837;4204251;Cocal do Sul;15171;3,78;251;152;403;;;NA
70;CONCÓRDIA;4204301;-52,00728;-27,23911;4204301;Concórdia;68627;5,23;1087;934;2021;;;NA
71;CORDILHEIRA ALTA;4204350;-52,64144;-26,97569;4204350;Cordilheira Alta;3787;5,02;81;80;161;;;NA
72;CORONEL FREITAS;4204400;-52,72532;-26,88329;4204400;Coronel Freitas;10213;7,96;236;133;369;;1;IFC
73;CORONEL MARTINS;4204459;-52,67189;-26,53467;4204459;Coronel Martins;2458;10,68;44;37;81;;;NA
74;CORREIA PINTO;4204558;-50,37858;-27,59719;4204558;Correia Pinto;14794;9,65;335;205;540;;;NA
75;CORUPÁ;4204509;-49,32554;-26,4412;4204509;Corupá;13852;4,35;218;156;374;;;NA
76;CRICIÚMA;4204608;-49,37958;-28,71547;4204608;Criciúma;192236;4,53;3578;1919;5497;1;;IFSC
77;CUNHA PORÃ;4204707;-53,19079;-26,87844;4204707;Cunha Porã;10613;5,64;176;108;284;;;NA
78;CUNHATAÍ;4204756;-53,10091;-26,97468;4204756;Cunhataí;1882;4,06;51;22;73;;;NA
79;CURITIBANOS;4204806;-50,61757;-27,29309;4204806;Curitibanos;37774;9,06;854;444;1298;;;NA
80;DESCANSO;4204905;-53,47923;-26,85804;4204905;Descanso;8638;5,9;140;88;228;;;NA
81;DIONÍSIO CERQUEIRA;4205001;-53,53285;-26,32978;4205001;Dionísio Cerqueira;14801;10,39;329;140;469;;;NA
82;DONA EMMA;4205100;-49,77679;-26,98829;4205100;Dona Emma;3723;4,71;91;34;125;;;NA
83;DOUTOR PEDRINHO;4205159;-49,55385;-26,70498;4205159;Doutor Pedrinho;3604;4,77;81;46;127;;;NA
84;ENTRE RIOS;4205175;-52,57855;-26,7396;4205175;Entre Rios;3018;14,31;96;34;130;;;NA
85;ERMO;4205191;-49,65425;-28,99037;4205191;Ermo;2050;6,65;45;45;90;;;NA
86;ERVAL VELHO;4205209;-51,42199;-27,28454;4205209;Erval Velho;4353;8,19;107;43;150;;;NA
87;FAXINAL DOS GUEDES;4205308;-52,24429;-26,8466;4205308;Faxinal dos Guedes;10658;7,61;204;111;315;;;NA
88;FLOR DO SERTÃO;4205357;-53,33732;-26,76314;4205357;Flôr do Sertão;1588;11,67;42;18;60;;;NA
89;FLORIANÓPOLIS;4205407;-48,50902;-27,57881;4205407;Florianópolis;421203;3,4;6813;4579;11392;2;;IFSC
90;FORMOSA DO SUL;4205431;-52,79395;-26,63393;4205431;Formosa do Sul;2601;7,02;60;41;101;;;NA
91;FORQUILHINHA;4205456;-49,49323;-28,78162;4205456;Forquilhinha;22548;4,82;443;180;623;;;NA
92;FRAIBURGO;4205506;-50,87206;-27,03749;4205506;Fraiburgo;34555;8,02;770;387;1157;;;NA
93;FREI ROGÉRIO;4205555;-50,76536;-27,19143;4205555;Frei Rogério;2480;8,4;64;44;108;;;NA
94;GALVÃO;4205605;-52,65859;-26,44944;4205605;Galvão;3475;14,47;67;40;107;;1;IFC
95;GAROPABA;4205704;-48,65879;-28,04656;4205704;Garopaba;18144;8,56;432;239;671;1;;IFSC
96;GARUVA;4205803;-48,86724;-26,05694;4205803;Garuva;14762;7,23;305;187;492;;;NA
97;GASPAR;4205902;-48,96581;-26,93101;4205902;Gaspar;57958;3,82;1016;556;1572;1;;IFSC
98;GOVERNADOR CELSO RAMOS;4206009;-48,57925;-27,37224;4206009;Governador Celso Ramos;13012;8,01;321;103;424;;;NA
99;GRÃO PARÁ;4206108;-49,31469;-28,15464;4206108;Grão Pará;6223;5,01;113;55;168;;;NA
100;GRAVATAL;4206207;-49,02012;-28,35343;4206207;Gravatal;10636;6,24;177;100;277;;;NA
101;GUABIRUBA;4206306;-49,02127;-27,10326;4206306;Guabiruba;18433;4,04;238;189;427;;;NA
102;GUARACIABA;4206405;-53,57062;-26,58002;4206405;Guaraciaba;10498;7,19;193;119;312;;;NA
103;GUARAMIRIM;4206504;-48,94518;-26,47625;4206504;Guaramirim;35186;4,25;674;404;1078;;;NA
104;GUARUJÁ DO SUL;4206603;-53,48344;-26,39821;4206603;Guarujá do Sul;4908;6,38;100;58;158;;;NA
105;GUATAMBÚ;4206652;-52,78346;-27,11655;4206652;Guatambú;4675;10,54;146;45;191;;;NA
106;HERVAL D'OESTE;4206702;-51,41071;-27,19561;4206702;Herval d'Oeste;21233;5,58;408;266;674;;;NA
107;IBIAM;4206751;-51,21571;-27,20818;4206751;Ibiam;1945;5,72;32;25;57;;;NA
108;IBICARÉ;4206801;-51,37008;-27,09222;4206801;Ibicaré;3373;7,97;49;18;67;;;NA
109;IBIRAMA;4206900;-49,52832;-27,01766;4206900;Ibirama;17342;5,17;335;146;481;;;NA
110;IÇARA;4207007;-49,27749;-28,75147;4207007;Içara;58859;5,62;1246;659;1905;;;NA
111;ILHOTA;4207106;-48,85695;-26,85896;4207106;Ilhota;12356;6,49;298;121;419;;1;IFC
112;IMARUÍ;4207205;-48,83497;-28,23106;4207205;Imaruí;11672;12,3;267;140;407;;;NA
113;IMBITUBA;4207304;-48,70303;-28,19465;4207304;Imbituba;40200;7,1;801;432;1233;;;NA
114;IMBUIA;4207403;-49,40541;-27,50248;4207403;Imbuia;5709;8,09;173;68;241;;;NA
115;INDAIAL;4207502;-49,22411;-26,99435;4207502;Indaial;54794;4,72;842;567;1409;;;NA
116;IOMERÊ;4207577;-51,27565;-26,9876;4207577;Iomerê;2743;4,02;29;31;60;;;NA
117;IPIRA;4207601;-51,79899;-27,37107;4207601;Ipira;4752;4,8;93;62;155;;;NA
118;IPORÃ DO OESTE;4207650;-53,48965;-27,00003;4207650;Iporã do Oeste;8413;3,98;144;110;254;;;NA
119;IPUAÇU;4207684;-52,47619;-26,67881;4207684;Ipuaçu;6802;10,66;220;70;290;;;NA
120;IPUMIRIM;4207700;-52,15286;-27,04016;4207700;Ipumirim;7220;5,64;130;89;219;;;NA
121;IRACEMINHA;4207759;-53,32453;-26,84435;4207759;Iraceminha;4253;7,9;90;39;129;;;NA
122;IRANI;4207809;-51,91793;-27,02519;4207809;Irani;9534;8,07;166;129;295;;;NA
123;IRATI;4207858;-52,8902;-26,62761;4207858;Irati;2096;10,31;65;27;92;;;NA
124;IRINEÓPOLIS;4207908;-50,76072;-26,35748;4207908;Irineópolis;10450;8,42;206;125;331;;;NA
125;ITÁ;4208005;-52,33211;-27,24409;4208005;Itá;6427;6,48;116;70;186;;;NA
126;ITAIÓPOLIS;4208104;-49,89158;-26,47197;4208104;Itaiópolis;20315;6,72;439;276;715;;;NA
127;ITAJAÍ;4208203;-48,75315;-26,96873;4208203;Itajaí;183388;4,53;3205;2086;5291;1;;IFSC
128;ITAPEMA;4208302;-48,63372;-27,10866;4208302;Itapema;45814;3,95;767;496;1263;;;NA
129;ITAPIRANGA;4208401;-53,71132;-27,1122;4208401;Itapiranga;15430;4,42;309;253;562;;;NA
130;ITAPOÁ;4208450;-48,65159;-26,08212;4208450;Itapoá;14775;5,53;271;177;448;;;NA
131;ITUPORANGA;4208500;-49,53907;-27,45284;4208500;Ituporanga;22255;6,31;591;203;794;;;NA
132;JABORÁ;4208609;-51,77266;-27,14149;4208609;Jaborá;4041;6,98;81;48;129;;;NA
133;JACINTO MACHADO;4208708;-49,84785;-28,995;4208708;Jacinto Machado;10608;8,55;188;126;314;;;NA
134;JAGUARUNA;4208807;-49,04451;-28,65798;4208807;Jaguaruna;17291;7,74;392;157;549;;;NA
135;JARAGUÁ DO SUL;4208906;-49,15998;-26,48127;4208906;Jaraguá do Sul;143206;3,1;2547;1682;4229;2;;IFSC
136;JARDINÓPOLIS;4208955;-52,87165;-26,71762;4208955;Jardinópolis;1766;8,19;45;15;60;;;NA
137;JOAÇABA;4209003;-51,59316;-27,15202;4209003;Joaçaba;27005;4,2;609;313;922;;;NA
138;JOINVILLE;4209102;-48,95138;-26,24419;4209102;Joinville;515250;3,9;8336;5730;14066;1;;IFSC
139;JOSÉ BOITEUX;4209151;-49,64618;-26,85906;4209151;José Boiteux;4720;7,08;105;67;172;;;NA
140;JUPIÁ;4209177;-52,72089;-26,3941;4209177;Jupiá;2148;10,83;46;37;83;;;NA
141;LACERDÓPOLIS;4209201;-51,59045;-27,25086;4209201;Lacerdópolis;2197;6,07;57;29;86;;;NA
142;LAGES;4209300;-50,34086;-28,02012;4209300;Lages;156737;6,15;3567;1729;5296;1;;IFSC
143;LAGUNA;4209409;-48,82603;-28,486;4209409;Laguna;51554;6,65;1062;530;1592;;;NA
144;LAJEADO GRANDE;4209458;-52,55222;-26,85477;4209458;Lajeado Grande;1490;7,69;43;11;54;;;NA
145;LAURENTINO;4209508;-49,73285;-27,20751;4209508;Laurentino;6005;4,71;207;70;277;;;NA
146;LAURO MULLER;4209607;-49,45263;-28,38442;4209607;Lauro Muller;14366;5,37;311;162;473;;;NA
147;LEBON RÉGIS;4209706;-50,70266;-26,85813;4209706;Lebon Régis;11862;12,78;242;143;385;;;NA
148;LEOBERTO LEAL;4209805;-49,25728;-27,47182;4209805;Leoberto Leal;3365;10,79;72;35;107;;;NA
149;LINDÓIA DO SUL;4209854;-52,05213;-27,03131;4209854;Lindóia do Sul;4642;5,89;91;49;140;;;NA
150;LONTRAS;4209904;-49,50692;-27,1893;4209904;Lontras;10248;6,45;280;66;346;;;NA
151;LUIZ ALVES;4210001;-48,89115;-26,72696;4210001;Luiz Alves;10449;4,89;204;122;326;;;NA
152;LUZERNA;4210035;-51,50629;-27,09036;4210035;Luzerna;5599;2,6;121;114;235;;;NA
153;MACIEIRA;4210050;-51,35447;-26,80321;4210050;Macieira;1826;8,84;40;13;53;;;NA
154;MAFRA;4210100;-49,88937;-26,2009;4210100;Mafra;52920;4,71;1270;665;1935;;1;IFC
155;MAJOR GERCINO;4210209;-49,0533;-27,42777;4210209;Major Gercino;3279;8,15;48;48;96;;;NA
156;MAJOR VIEIRA;4210308;-50,36199;-26,48111;4210308;Major Vieira;7479;6,78;168;89;257;;;NA
157;MARACAJÁ;4210407;-49,45571;-28,86389;4210407;Maracajá;6409;6,32;159;64;223;;;NA
158;MARAVILHA;4210506;-53,1984;-26,75986;4210506;Maravilha;22104;5,86;416;251;667;;;NA
159;MAREMA;4210555;-52,63025;-26,81241;4210555;Marema;2203;8,55;64;19;83;;;NA
160;MASSARANDUBA;4210605;-48,98827;-26,62636;4210605;Massaranduba;14668;4,13;229;169;398;;;NA
161;MATOS COSTA;4210704;-51,1421;-26,48058;4210704;Matos Costa;2838;11,94;79;33;112;;;NA
162;MELEIRO;4210803;-49,602;-28,8416;4210803;Meleiro;7002;5,27;103;89;192;;;NA
163;MIRIM DOCE;4210852;-50,17432;-27,18594;4210852;Mirim Doce;2513;8,08;49;28;77;;;NA
164;MODELO;4210902;-53,05153;-26,77511;4210902;Modelo;4047;7,94;96;54;150;;;NA
165;MONDAÍ;4211009;-53,44638;-27,09879;4211009;Mondaí;10231;4,86;305;94;399;;;NA
166;MONTE CARLO;4211058;-50,92794;-27,19335;4211058;Monte Carlo;9312;12,93;192;68;260;;;NA
167;MONTE CASTELO;4211108;-50,28988;-26,66068;4211108;Monte Castelo;8348;8,46;232;105;337;;;NA
168;MORRO DA FUMAÇA;4211207;-49,24214;-28,63778;4211207;Morro da Fumaça;16126;6,33;380;153;533;;;NA
169;MORRO GRANDE;4211256;-49,74026;-28,72173;4211256;Morro Grande;2890;6,57;50;27;77;;;NA
170;NAVEGANTES;4211306;-48,72728;-26,8288;4211306;Navegantes;60588;5,57;987;503;1490;;;NA
171;NOVA ERECHIM;4211405;-52,90667;-26,90809;4211405;Nova Erechim;4275;7,36;111;54;165;;;NA
172;NOVA ITABERABA;4211454;-52,83323;-26,9614;4211454;Nova Itaberaba;4267;9,37;125;50;175;;;NA
173;NOVA TRENTO;4211504;-49,042;-27,31306;4211504;Nova Trento;12179;4,73;184;128;312;;;NA
174;NOVA VENEZA;4211603;-49,58492;-28,68464;4211603;Nova Veneza;13316;3,84;250;155;405;;;NA
175;NOVO HORIZONTE;4211652;-52,79621;-26,49441;4211652;Novo Horizonte;2750;12;61;59;120;;;NA
176;ORLEANS;4211702;-49,37284;-28,2799;4211702;Orleans;21395;5,88;421;217;638;;;NA
177;OTACÍLIO COSTA;4211751;-49,97157;-27,51731;4211751;Otacílio Costa;16348;8,47;297;162;459;;;NA
178;OURO;4211801;-51,68187;-27,28382;4211801;Ouro;7371;4,66;159;74;233;;;NA
179;OURO VERDE;4211850;-52,27901;-26,71156;4211850;Ouro Verde;2271;11,81;63;19;82;;;NA
180;PAIAL;4211876;-52,48792;-27,21316;4211876;Paial;1763;9,42;38;19;57;;;NA
181;PAINEL;4211892;-50,07272;-27,96338;4211892;Painel;2353;11,98;78;23;101;;;NA
182;PALHOÇA;4211900;-48,66154;-27,772;4211900;Palhoça;137199;5,46;2945;1199;4144;1;;IFSC
183;PALMA SOLA;4212007;-53,31429;-26,37358;4212007;Palma Sola;7765;8,63;186;84;270;;;NA
184;PALMEIRA;4212056;-50,16161;-27,56289;4212056;Palmeira;2376;12,69;73;22;95;;;NA
185;PALMITOS;4212106;-53,17978;-27,09219;4212106;Palmitos;16021;7,75;265;170;435;;;NA
186;PAPANDUVA;4212205;-50,17139;-26,4987;4212205;Papanduva;17931;8,23;436;222;658;;;NA
187;PARAÍSO;4212239;-53,67778;-26,66228;4212239;Paraíso;4080;10,59;113;48;161;;;NA
188;PASSO DE TORRES;4212254;-49,72107;-29,2675;4212254;Passo de Torres;6631;9,8;94;58;152;;;NA
189;PASSOS MAIA;4212270;-51,9605;-26,70579;4212270;Passos Maia;4429;9,83;148;41;189;;;NA
190;PAULO LOPES;4212304;-48,76092;-27,96436;4212304;Paulo Lopes;6692;11,92;183;54;237;;;NA
191;PEDRAS GRANDES;4212403;-49,20478;-28,47903;4212403;Pedras Grandes;4107;5,95;56;20;76;;;NA
192;PENHA;4212502;-48,65058;-26,80755;4212502;Penha;25140;4,8;415;297;712;;;NA
193;PERITIBA;4212601;-51,87483;-27,35096;4212601;Peritiba;2988;2,64;76;30;106;;;NA
194;PESCARIA BRAVA;4212650;-48,88512;-28,40128;4212650;Pescaria Brava;;;;;0;;;NA
195;PETROLÂNDIA;4212700;-49,68265;-27,54561;4212700;Petrolândia;6131;8,33;130;69;199;;;NA
196;PINHALZINHO;4212908;-52,97665;-26,82932;4212908;Pinhalzinho;16335;5,98;368;196;564;;;NA
197;PINHEIRO PRETO;4213005;-51,23551;-27,04928;4213005;Pinheiro Preto;3147;5,65;64;36;100;;;NA
198;PIRATUBA;4213104;-51,77289;-27,46122;4213104;Piratuba;4786;6,12;79;86;165;;;NA
199;PLANALTO ALEGRE;4213153;-52,86911;-27,05228;4213153;Planalto Alegre;2659;11,41;67;36;103;;;NA
200;POMERODE;4213203;-49,1733;-26,72859;4213203;Pomerode;27772;2,61;370;278;648;;;NA
201;PONTE ALTA;4213302;-50,29897;-27,41068;4213302;Ponte Alta;4895;12,63;148;62;210;;;NA
202;PONTE ALTA DO NORTE;4213351;-50,41821;-27,18023;4213351;Ponte Alta do Norte;3303;9,35;94;20;114;;;NA
203;PONTE SERRADA;4213401;-51,92833;-26,86173;4213401;Ponte Serrada;11031;10,33;297;129;426;;;NA
204;PORTO BELO;4213500;-48,61645;-27,17477;4213500;Porto Belo;16118;5,74;277;133;410;;;NA
205;PORTO UNIÃO;4213609;-51,00794;-26,38321;4213609;Porto União;33497;4,48;748;578;1326;;;NA
206;POUSO REDONDO;4213708;-49,97754;-27,28667;4213708;Pouso Redondo;14812;7,12;359;125;484;;;NA
207;PRAIA GRANDE;4213807;-49,98958;-29,18182;4213807;Praia Grande;7270;10;145;83;228;;;NA
208;PRESIDENTE CASTELLO BRANCO;4213906;-51,78109;-27,23345;4213906;Presidente Castelo Branco;1724;4,24;23;24;47;;;NA
209;PRESIDENTE GETÚLIO;4214003;-49,71412;-27,06203;4214003;Presidente Getúlio;14886;4,01;223;147;370;;;NA
210;PRESIDENTE NEREU;4214102;-49,3546;-27,26784;4214102;Presidente Nereu;2284;10,97;65;28;93;;;NA
211;PRINCESA;4214151;-53,61139;-26,43282;4214151;Princesa;2758;9,76;67;39;106;;;NA
212;QUILOMBO;4214201;-52,71887;-26,72924;4214201;Quilombo;10251;8,71;201;157;358;;;NA
213;RANCHO QUEIMADO;4214300;-49,09067;-27,67412;4214300;Rancho Queimado;2748;7,68;53;27;80;;;NA
214;RIO DAS ANTAS;4214409;-51,06307;-26,90892;4214409;Rio das Antas;6147;6,43;171;50;221;;;NA
215;RIO DO CAMPO;4214508;-50,13183;-26,89247;4214508;Rio do Campo;6195;6,64;133;60;193;;;NA
216;RIO DO OESTE;4214607;-49,84109;-27,15841;4214607;Rio do Oeste;7094;5,95;136;73;209;;;NA
217;RIO DO SUL;4214805;-49,62936;-27,19572;4214805;Rio do Sul;61196;4,16;1166;836;2002;;;NA
218;RIO DOS CEDROS;4214706;-49,36833;-26,61763;4214706;Rio dos Cedros;10280;4,28;137;88;225;;;NA
219;RIO FORTUNA;4214904;-49,19072;-28,09319;4214904;Rio Fortuna;4446;3,3;87;59;146;;1;IFC
220;RIO NEGRINHO;4215000;-49,59646;-26,44283;4215000;Rio Negrinho;39849;5,24;845;423;1268;;;NA
221;RIO RUFINO;4215059;-49,75363;-27,91426;4215059;Rio Rufino;2436;11,43;88;24;112;;;NA
222;RIQUEZA;4215075;-53,34469;-26,97737;4215075;Riqueza;4838;8,49;107;78;185;;;NA
223;RODEIO;4215109;-49,35114;-26,89537;4215109;Rodeio;10914;4,77;157;88;245;;;NA
224;ROMELÂNDIA;4215208;-53,31708;-26,6482;4215208;Romelândia;5551;12,24;97;74;171;;;NA
225;SALETE;4215307;-50,01094;-26,9697;4215307;Salete;7357;5,49;130;81;211;;;NA
226;SALTINHO;4215356;-53,02255;-26,59054;4215356;Saltinho;3961;11,82;103;48;151;;;NA
227;SALTO VELOSO;4215406;-51,42803;-26,89564;4215406;Salto Veloso;4301;7,66;88;48;136;;;NA
228;SANGÃO;4215455;-49,12578;-28,65115;4215455;Sangão;10402;10,25;278;104;382;;;NA
229;SANTA CECÍLIA;4215505;-50,44647;-26,92593;4215505;Santa Cecília;15740;10,02;350;194;544;;;NA
230;SANTA HELENA;4215554;-53,61893;-26,92113;4215554;Santa Helena;2382;9,8;58;35;93;;;NA
231;SANTA ROSA DE LIMA;4215604;-49,18229;-28,01172;4215604;Santa Rosa de Lima;2065;4,96;43;28;71;;;NA
232;SANTA ROSA DO SUL;4215653;-49,74387;-29,12208;4215653;Santa Rosa do Sul;8054;7,71;168;234;402;;;NA
233;SANTA TEREZINHA;4215679;-50,00553;-26,66752;4215679;Santa Terezinha;8767;5,99;210;105;315;;;NA
234;SANTA TEREZINHA DO PROGRESSO;4215687;-53,16997;-26,59242;4215687;Santa Terezinha do Progresso;2896;11,92;80;50;130;;1;IFC
235;SANTIAGO DO SUL;4215695;-52,69768;-26,63084;4215695;Santiago do Sul;1465;11,3;35;14;49;;;NA
236;SANTO AMARO DA IMPERATRIZ;4215703;-48,79647;-27,74146;4215703;Santo Amaro da Imperatriz;19830;5,69;412;297;709;;;NA
237;SÃO BENTO DO SUL;4215802;-49,3506;-26,29551;4215802;São Bento do Sul;74797;3,7;1354;767;2121;;;NA
238;SÃO BERNARDINO;4215752;-52,98745;-26,48787;4215752;São Bernardino;2679;10,24;56;37;93;;;NA
239;SÃO BONIFÁCIO;4215901;-48,93991;-27,95622;4215901;São Bonifácio;3008;4,51;39;32;71;;1;IFC
240;SÃO CARLOS;4216008;-53,03135;-27,03028;4216008;São Carlos;10284;5,63;162;86;248;1;;IFSC
241;SÃO CRISTOVÃO DO SUL;4216057;-50,34903;-27,29619;4216057;São Cristóvão do Sul;5019;12,82;119;25;144;;;NA
242;SÃO DOMINGOS;4216107;-52,5544;-26,53929;4216107;São Domingos;9496;9,31;212;148;360;;;NA
243;SÃO FRANCISCO DO SUL;4216206;-48,6405;-26,26188;4216206;São Francisco do Sul;42569;5,23;787;470;1257;;;NA
244;SÃO JOÃO BATISTA;4216305;-48,85975;-27,32871;4216305;São João Batista;26260;4,6;425;197;622;;1;IFC
245;SÃO JOÃO DO ITAPERIÚ;4216354;-48,79774;-26,59086;4216354;São João do Itaperiú;3438;8,48;99;45;144;;;NA
246;SÃO JOÃO DO OESTE;4216255;-53,59187;-27,09141;4216255;São João do Oeste;6035;1,66;102;71;173;;;NA
247;SÃO JOÃO DO SUL;4216404;-49,81364;-29,20601;4216404;São João do Sul;7002;8,27;186;82;268;;;NA
248;SÃO JOAQUIM;4216503;-50,01392;-28,29814;4216503;São Joaquim;24812;6,96;471;233;704;;;NA
249;SÃO JOSÉ;4216602;-48,65629;-27,57844;4216602;São José;210513;4,01;3607;2240;5847;1;;IFSC
250;SÃO JOSÉ DO CEDRO;4216701;-53,5334;-26,48081;4216701;São José do Cedro;13672;6,53;276;157;433;;;NA
251;SÃO JOSÉ DO CERRITO;4216800;-50,6516;-27,59769;4216800;São José do Cerrito;9273;13,55;239;155;394;;;NA
252;SÃO LOURENÇO DO OESTE;4216909;-52,85983;-26,46579;4216909;São Lourenço d'Oeste;21797;7,3;366;272;638;;;NA
253;SÃO LUDGERO;4217006;-49,1689;-28,35315;4217006;São Ludgero;10993;5,79;277;133;410;;;NA
254;SÃO MARTINHO;4217105;-48,97239;-28,12436;4217105;São Martinho;3211;4,77;73;45;118;;;NA
255;SÃO MIGUEL DA BOA VISTA;4217154;-53,23953;-26,68868;4217154;São Miguel da Boa Vista;1904;10,22;20;26;46;;;NA
256;SÃO MIGUEL DO OESTE;4217204;-53,51206;-26,72701;4217204;São Miguel d'Oeste;36295;5,59;687;519;1206;1;;IFSC
257;SÃO PEDRO DE ALCÂNTARA;4217253;-48,83717;-27,59134;4217253;São Pedro de Alcântara;4710;6;71;38;109;;;NA
258;SAUDADES;4217303;-53,03992;-26,89723;4217303;Saudades;9016;5,16;177;108;285;;;NA
259;SCHROEDER;4217402;-49,06052;-26,36809;4217402;Schroeder;15316;2,95;306;206;512;;;NA
260;SEARA;4217501;-52,34028;-27,1476;4217501;Seara;16922;5,82;296;191;487;;;NA
261;SERRA ALTA;4217550;-53,02538;-26,69368;4217550;Serra Alta;3285;6,65;43;47;90;;;NA
262;SIDERÓPOLIS;4217600;-49,52666;-28,58334;4217600;Siderópolis;12995;5,82;241;80;321;;;NA
263;SOMBRIO;4217709;-49,65584;-29,0698;4217709;Sombrio;26626;6,18;525;385;910;;;NA
264;SUL BRASIL;4217758;-52,94684;-26,69533;4217758;Sul Brasil;2766;13,32;56;28;84;;;NA
265;TAIÓ;4217808;-50,09268;-27,07872;4217808;Taió;17265;5,69;398;175;573;;1;IFC
266;TANGARÁ;4217907;-51,14748;-27,1468;4217907;Tangará;8674;7,42;158;89;247;;;NA
267;TIGRINHOS;4217956;-53,15667;-26,67594;4217956;Tigrinhos;1757;9,59;32;26;58;;;NA
268;TIJUCAS;4218004;-48,70098;-27,24712;4218004;Tijucas;30973;7,35;528;335;863;;;NA
269;TIMBÉ DO SUL;4218103;-49,8681;-28,80708;4218103;Timbé do Sul;5308;9,34;187;55;242;;;NA
270;TIMBÓ;4218202;-49,26902;-26,80782;4218202;Timbó;36817;3,38;577;388;965;;;NA
271;TIMBÓ GRANDE;4218251;-50,66592;-26,62381;4218251;Timbó Grande;7165;9,83;183;86;269;;;NA
272;TRÊS BARRAS;4218301;-50,25505;-26,16997;4218301;Três Barras;18131;7,85;414;190;604;;;NA
273;TREVISO;4218350;-49,49029;-28,49856;4218350;Treviso;3527;2,87;76;61;137;;;NA
274;TREZE DE MAIO;4218400;-49,1542;-28,56565;4218400;Treze de Maio;6877;6,89;126;99;225;;;NA
275;TREZE TÍLIAS;4218509;-51,44955;-26,96467;4218509;Treze Tílias;6342;4,66;138;65;203;;;NA
276;TROMBUDO CENTRAL;4218608;-49,81098;-27,31162;4218608;Trombudo Central;6554;5,65;131;74;205;;;NA
277;TUBARÃO;4218707;-49,03718;-28,48116;4218707;Tubarão;97281;4,23;1750;1249;2999;1;;IFSC
278;TUNÁPOLIS;4218756;-53,64923;-26,98741;4218756;Tunápolis;4633;5,06;103;60;163;;;NA
279;TURVO;4218806;-49,70368;-28,90311;4218806;Turvo;11854;5,2;228;142;370;;;NA
280;UNIÃO DO OESTE;4218855;-52,85639;-26,78697;4218855;União do Oeste;2910;9,9;51;30;81;;;NA
281;URUBICI;4218905;-49,57783;-28,0386;4218905;Urubici;10702;7,39;256;87;343;;;NA
282;URUPEMA;4218954;-49,9009;-28,02336;4218954;Urupema;2482;8,75;44;36;80;1;;IFSC
283;URUSSANGA;4219002;-49,32885;-28,49246;4219002;Urussanga;20222;4,17;429;158;587;;;NA
284;VARGEÃO;4219101;-52,12419;-26,77801;4219101;Vargeão;3535;8,14;88;41;129;;;NA
285;VARGEM;4219150;-50,951;-27,46665;4219150;Vargem;2808;13,63;92;34;126;;;NA
286;VARGEM BONITA;4219176;-51,75609;-26,9456;4219176;Vargem Bonita;4795;7,92;139;45;184;;;NA
287;VIDAL RAMOS;4219200;-49,34759;-27,3875;4219200;Vidal Ramos;6293;9,45;180;67;247;;;NA
288;VIDEIRA;4219309;-51,12689;-27,00644;4219309;Videira;47204;4,84;931;574;1505;;;NA
289;VITOR MEIRELES;4219358;-49,84537;-26,82623;4219358;Vítor Meireles;5208;8,68;157;84;241;;;NA
290;WITMARSUM;4219408;-49,84202;-26,93684;4219408;Witmarsum;3601;5,99;74;48;122;;1;IFC
291;XANXERÊ;4219507;-52,40978;-26,87233;4219507;Xanxerê;44102;6,4;1025;689;1714;1;;IFSC
292;XAVANTINA;4219606;-52,3226;-27,02121;4219606;Xavantina;4142;6,39;41;28;69;;;NA
293;XAXIM;4219705;-52,52934;-26,97011;4219705;Xaxim;25697;5,86;452;280;732;;;NA
294;ZORTÉA;4219853;-51,53572;-27,47713;4219853;Zortéa;2991;9,27;37;30;67;;;NA
